{
  "best_threshold": 0.5370413661003113,
  "best_f1": 0.8124999950781252
}